{
  "initial_latent_dist": 15.419087409973145,
  "final_latent_dist": 10.570920944213867,
  "min_latent_dist": 9.553048133850098,
  "improvement_pct": 31.4426291054259,
  "total_env_reward": 0.0,
  "max_step_reward": 0.0,
  "phase": "4c"
}