{
  "hrs": 5.415775000386768,
  "cost": 6.986349750498931,
  "done": "2026-03-01T21:47:01.777813"
}